Calculated SalePrice,Id,Original Saleprice
218781.448308,1,208500
264003.380842,2,181500
205684.720025,3,223500
247787.415623,4,140000
239453.247076,5,250000
191004.46415,6,143000
244463.98591,7,307000
240289.855559,8,200000
719212.532882,9,129900
221307.163455,10,118000
234488.636477,11,129500
354262.714701,12,345000
255547.025672,13,144000
256653.576401,14,279500
133015.609153,15,157000
193592.751988,16,132000
361551.659007,17,149000
263383.21886,18,90000
540914.048038,19,159000
123808.712252,20,139000
260910.166003,21,325300
540524.781122,22,139400
228811.894912,23,230000
542443.813052,24,129900
167388.753717,25,154000
236561.59034,26,256300
242600.586389,27,134800
203896.249831,28,306000
259518.884959,29,207500
716920.716779,30,68500
158730.058942,31,40000
534141.745238,32,149350
204943.049499,33,179900
224474.434049,34,165500
377832.057666,35,277500
370407.101813,36,309000
555163.045557,37,145000
356475.037469,38,153000
229507.5128,39,109000
526930.052046,40,82000
144695.66897,41,160000
238325.021492,42,170000
194749.88289,43,144000
143008.426562,44,130250
202127.282178,45,141000
256905.16213,46,319900
296382.914138,47,239686
233271.099816,48,249700
544240.002985,49,113000
158699.163234,50,127000
369602.727722,51,177000
177760.968781,52,114500
274442.793497,53,110000
378101.20989,54,385000
197802.899271,55,130000
219807.999633,56,180500
336855.348335,57,172500
248905.854128,58,196500
378957.251212,59,438780
237676.611036,60,124900
255157.316044,61,158000
240387.207043,62,101000
234470.808938,63,202500
167931.180439,64,140000
178599.513444,65,219500
269305.31981,66,317000
233780.101901,67,180000
522225.085203,68,226000
545086.82355,69,80000
347331.705443,70,225000
393526.708176,71,244000
537798.983943,72,129500
394678.106679,73,185000
157866.903822,74,144900
269871.413901,75,107400
186065.339267,76,91000
247510.418918,77,135750
177833.851402,78,127000
277763.89783,79,136500
161371.02712,80,110000
540277.739743,81,193500
387950.586064,82,153500
237320.262587,83,245000
233266.341393,84,126500
380755.149709,85,168500
203948.503737,86,260000
373824.451995,87,174000
516715.823074,88,164500
178872.05858,89,85000
218723.737107,90,123600
253475.835968,91,109900
168905.655327,92,98600
226581.278145,93,163500
236189.825345,94,133900
241397.288823,95,204750
381056.075453,96,185000
198194.46421,97,214000
364210.76107,98,94750
712633.799242,99,83000
238146.426525,100,128950
225273.587494,101,205000
523446.724526,102,178000
532337.933687,103,118964
270279.747166,104,198900
542320.0097,105,169500
245716.352693,106,250000
725608.99646,107,100000
242284.800848,108,115000
254641.407202,109,115000
215706.193622,110,190000
270527.333051,111,136900
379244.232495,112,180000
350232.161361,113,383970
178333.888745,114,217000
143320.214972,115,259500
550767.123074,116,176000
202692.849715,117,139000
232068.086647,118,155000
241162.371101,119,320000
344752.930165,120,163990
281717.216627,121,180000
551354.425724,122,100000
539979.688477,123,136000
235021.391024,124,153900
250963.327735,125,181000
531447.159899,126,84500
251681.444902,127,128000
535506.298812,128,87000
219231.635032,129,155000
210638.63139,130,150000
340319.405519,131,226000
197560.252626,132,244000
241857.947211,133,150750
522926.251567,134,220000
166723.431733,135,180000
157395.389534,136,174000
227371.202459,137,143000
265133.330379,138,171000
330702.060363,139,230000
161418.353002,140,231500
217708.582274,141,115000
334557.283934,142,260000
545067.458673,143,166000
521035.560147,144,204000
283379.21673,145,125000
247773.782107,146,130000
714153.142184,147,105000
353907.809106,148,222500
225571.715286,149,141000
728119.221795,150,115000
162307.258074,151,122000
225789.968061,152,372402
533355.220592,153,190000
216998.671692,154,235000
724389.695165,155,125000
236110.349732,156,79000
543249.562778,157,109500
376880.377909,158,269500
176894.922654,159,254900
248871.534614,160,320000
545294.486465,161,162500
367457.010733,162,412500
215013.771461,163,220000
228974.096604,164,103200
253893.824422,165,152000
246075.977752,166,127500
309739.276503,167,190000
343782.869765,168,325624
350751.600329,169,183500
219478.093898,170,228000
251838.359658,171,128500
373483.582341,172,215000
528333.269864,173,239000
534028.346714,174,163000
361547.008241,175,184000
537904.637308,176,243000
236363.794407,177,211000
274046.904003,178,172500
370577.265942,179,501837
698147.554208,180,100000
521195.561652,181,177000
729376.871124,182,200100
536390.068339,183,120000
537984.812809,184,200000
542773.62461,185,127000
536863.883936,186,475000
540390.845992,187,173000
737399.669494,188,135000
544523.207164,189,153337
358313.254137,190,286000
210225.907418,191,315000
551497.795587,192,184000
347886.430577,193,192000
266273.266496,194,130000
247646.131227,195,127000
255191.854077,196,148500
369540.74225,197,311872
111036.404719,198,235000
183082.252639,199,104000
355440.297682,200,274900
312779.340874,201,140000
151121.229038,202,171500
217650.725545,203,112000
259000.252262,204,149000
230795.922661,205,110000
243535.769711,206,180500
227345.38102,207,143900
125343.455477,208,141000
330245.717468,209,277000
142591.877929,210,145000
237334.616317,211,98000
244125.133191,212,186000
248974.59278,213,252678
234740.569739,214,156000
298962.673298,215,161750
224044.660629,216,134450
218963.320467,217,210000
240412.658091,218,107000
273097.007761,219,311500
355145.716133,220,167240
219183.283117,221,204900
226227.760373,222,200000
176002.322617,223,179900
253629.614935,224,97000
564439.305581,225,386250
247627.93787,226,112000
512484.073878,227,290000
250563.140184,228,106000
140868.56494,229,125000
346796.979804,230,192500
216920.833707,231,148000
344260.702566,232,403000
539542.051632,233,94500
179506.179786,234,128200
348385.338451,235,216500
225946.581031,236,89500
252418.86313,237,185500
195391.481019,238,194500
379120.089479,239,318000
177451.043886,240,113000
216499.79457,241,262500
245121.073849,242,110500
714378.007812,243,79000
248428.92034,244,120000
211277.833199,245,205000
533527.250285,246,241500
236579.585389,247,137000
529961.302385,248,140000
229209.618951,249,180000
524183.499814,250,277000
193114.977226,251,76500
356099.244757,252,235000
258832.047158,253,173000
155404.950967,254,158000
539083.192206,255,145000
338909.473743,256,230000
232281.541492,257,207500
227609.091886,258,220000
188132.921441,259,231500
241869.05424,260,97000
120557.224446,261,176000
359361.642935,262,276000
188423.883766,263,151000
224901.182788,264,130000
546468.95316,265,73000
541112.590771,266,175500
554784.053385,267,185000
221355.425793,268,179500
384569.395853,269,120500
150403.171754,270,148000
274209.31836,271,266000
225916.963752,272,241500
353774.063329,273,290000
127681.894105,274,139000
542339.053034,275,124500
218795.188961,276,205000
364328.782762,277,201000
537648.280474,278,141000
518909.918995,279,415298
375525.441036,280,192000
343491.898976,281,228500
352526.396545,282,185000
206924.937439,283,207500
369828.202338,284,244600
221587.466346,285,179200
516920.649515,286,164700
546078.858674,287,159000
539938.635962,288,88000
147307.036568,289,122000
217332.472867,290,153575
241494.527677,291,233230
256844.897024,292,135900
278432.832132,293,131000
383568.129462,294,235000
597214.790005,295,167000
197119.685226,296,142500
533766.806928,297,152000
517395.460847,298,239000
520879.47789,299,175000
183316.240276,300,158500
536020.965474,301,157000
364649.841985,302,267000
223621.028753,303,205000
190971.659771,304,149900
254780.269887,305,295000
353925.51194,306,305900
514593.772456,307,225000
190641.863589,308,89500
272089.439747,309,82500
348954.144621,310,360000
368890.817397,311,165600
246541.683267,312,132000
274761.349513,313,119900
547118.38033,314,375000
725107.174135,315,178000
335453.110105,316,188500
161055.818373,317,260000
274497.073844,318,270000
231124.555804,319,260000
545849.820187,320,187500
289817.957963,321,342643
520749.924464,322,354000
335543.875875,323,301000
712688.021477,324,126175
525331.895335,325,242000
222700.981949,326,87000
379705.509693,327,324000
223296.343587,328,145250
217380.871283,329,214500
718768.522988,330,78000
272150.791686,331,119000
233513.143056,332,139000
205754.346807,333,284000
250905.435375,334,207000
370706.223092,335,192000
379450.612994,336,228950
336054.505939,337,377426
214841.870733,338,214000
211454.400352,339,202500
544381.692481,340,155000
366879.716798,341,202900
281998.041424,342,82000
244296.791768,343,87500
274205.50303,344,266000
248719.851888,345,85000
263721.004054,346,140200
229302.946026,347,151500
224492.454478,348,157500
260058.237183,349,154000
358705.36948,350,437154
278347.373643,351,318061
263606.872591,352,190000
200673.15642,353,95000
243733.262876,354,105900
535957.893761,355,140000
190279.060634,356,177500
219116.997544,357,173000
318309.839264,358,134000
200671.875831,359,130000
525678.725646,360,280000
534154.765692,361,156000
240367.692635,362,145000
233413.33647,363,198500
259963.776886,364,118000
387609.91507,365,190000
217316.251646,366,147000
265578.296085,367,159000
233285.698008,368,165000
360606.026599,369,132000
376900.13532,370,162000
241844.828751,371,172400
363527.792763,372,134432
225264.561211,373,125000
196266.279686,374,123000
357816.791529,375,219500
265464.447687,376,61000
216148.956149,377,148000
243272.937977,378,340000
525594.156754,379,394432
548738.289924,380,179000
236428.158346,381,127000
233569.77009,382,187750
222469.636455,383,213500
727780.991894,384,76000
521948.284878,385,240000
347065.041208,386,192000
276104.259923,387,81000
154467.955663,388,125000
211171.681429,389,191000
365989.022357,390,426000
161916.197778,391,119000
559649.453262,392,215000
152892.60844,393,106500
219770.681379,394,100000
253955.053995,395,109000
541159.005326,396,129000
272087.970838,397,123000
212739.149911,398,169500
254878.374328,399,67000
337823.247891,400,241000
343876.384357,401,245500
353904.344605,402,164990
186971.721736,403,108000
340767.891619,404,258000
394139.543903,405,168000
534990.407692,406,150000
278397.412569,407,115000
299151.774443,408,177000
251998.200032,409,280000
347931.791637,410,339750
542251.065876,411,60000
365314.750942,412,145000
543934.604778,413,222000
221729.01795,414,115000
250936.814499,415,228000
333311.891295,416,181134
371986.260564,417,149500
181086.140869,418,239000
247963.308505,419,126000
199192.165421,420,142000
361089.21409,421,206300
522835.007695,422,215000
234035.561771,423,113000
519459.520786,424,315000
235374.860641,425,139000
232563.786739,426,135000
347713.894308,427,275000
224829.688364,428,109008
214199.930681,429,195400
241761.301621,430,175000
232900.79249,431,85400
196366.958612,432,79900
231468.488151,433,122500
382352.763469,434,181000
544412.307391,435,81000
211784.820081,436,212000
253512.714241,437,116000
201232.254219,438,119000
201450.891074,439,90350
165861.291719,440,110000
363052.288565,441,555000
245409.873385,442,118000
533116.92173,443,162900
540350.293523,444,172500
249429.720416,445,210000
215211.002485,446,127500
521316.855683,447,190000
360004.705843,448,199900
540335.422592,449,119500
541480.822029,450,120000
724351.318006,451,110000
311248.493064,452,280000
354261.431648,453,204000
530463.014414,454,210000
260234.338609,455,188000
233998.000403,456,175500
709784.776265,457,98000
371289.995137,458,256000
536118.620753,459,161000
215757.799506,460,110000
359351.94148,461,263435
175899.22507,462,155000
163694.406932,463,62383
253606.843266,464,188700
229424.867191,465,124000
369339.795744,466,178740
185131.510688,467,167000
542349.634997,468,146500
250994.801447,469,250000
519227.514817,470,187000
512073.886675,471,212000
271048.245272,472,190000
551677.770743,473,148000
212969.444721,474,440000
220404.292061,475,251000
261005.922545,476,132500
347478.405439,477,208900
516306.211693,478,380000
221658.799249,479,297000
178845.973935,480,89471
352139.523961,481,326000
367879.171168,482,374000
704858.284542,483,155000
238100.778129,484,164000
208433.09154,485,132500
177634.359776,486,147000
531352.234419,487,156000
241580.254452,488,175000
278699.866736,489,160000
277412.78593,490,86000
546226.080056,491,115000
189196.142947,492,133000
231163.589508,493,172785
532139.979875,494,155000
280892.074269,495,91300
215177.45198,496,34900
203484.29459,497,430000
534782.974445,498,184000
538234.399589,499,130000
538153.338583,500,120000
231676.090427,501,113000
204284.684061,502,226700
713106.591049,503,140000
348164.061041,504,289000
539778.789233,505,147000
241704.374139,506,124500
226112.264402,507,215000
361475.817436,508,208300
276879.357405,509,161000
155944.143388,510,124500
514671.590902,511,164900
230538.026682,512,202665
233791.58947,513,129900
540194.87521,514,134000
534309.836553,515,96500
370536.196256,516,402861
174519.995186,517,158000
235355.498033,518,265000
178595.839143,519,211000
526861.362665,520,234000
227296.083922,521,106250
230638.607825,522,150000
238066.082736,523,159000
383538.698795,524,184750
358852.699867,525,315750
226704.625538,526,176000
546181.010195,527,132000
363228.967013,528,446261
205504.562632,529,86000
224503.052126,530,200624
204914.587074,531,175000
557627.693424,532,128000
242209.933629,533,107500
277575.916835,534,39300
360235.789409,535,178000
208120.958024,536,107500
379977.449759,537,188000
200645.776973,538,111250
224683.295863,539,158000
154003.766958,540,272000
372333.928035,541,315000
531594.188724,542,248000
524038.677536,543,213250
564632.186731,544,133000
200673.917489,545,179665
277049.234212,546,229000
256251.557798,547,210000
254220.910134,548,129500
536122.74454,549,125000
381912.599266,550,263000
285212.271265,551,140000
545362.410392,552,112500
239702.821129,553,255500
317795.672146,554,108000
241255.517591,555,284000
197648.267167,556,113000
312421.359794,557,141000
229804.277527,558,108000
229510.082265,559,175000
376782.472461,560,234000
249716.220807,561,121500
247090.806894,562,170000
219821.120103,563,108000
338070.681422,564,185000
227486.790313,565,268000
251128.368282,566,128000
519409.473398,567,325000
251991.927652,568,214000
360413.08434,569,316600
262689.236746,570,135960
272661.983759,571,142600
253528.339897,572,120000
258940.076237,573,224500
264916.685505,574,170000
202008.557325,575,139000
217768.02181,576,118500
237066.659578,577,145000
219720.682578,578,164500
222013.106562,579,146000
712691.914256,580,131500
534282.383535,581,181900
260460.634851,582,253293
242627.821594,583,118500
285288.928524,584,325000
291174.749054,585,133000
203767.058811,586,369900
272718.328463,587,130000
248906.702455,588,137000
531435.60424,589,143000
236235.988128,590,79500
216171.383449,591,185900
540399.507507,592,451950
537800.518351,593,138000
374382.481769,594,140000
152942.444072,595,110000
583084.31046,596,319000
253631.626653,597,114504
382322.294194,598,194201
374536.571274,599,217500
335329.762761,600,151000
533182.33607,601,275000
235238.755926,602,141000
334643.034161,603,220000
518286.888092,604,151000
188527.842183,605,221000
220706.857677,606,205000
208440.416297,607,152000
246928.602964,608,225000
222515.030013,609,359100
234686.163567,610,118500
355782.678581,611,313000
185198.916841,612,148000
203039.651751,613,261500
225637.129195,614,147000
263831.327209,615,75500
157147.622018,616,137500
523591.62378,617,183200
545544.925921,618,105500
250529.97961,619,314813
346131.370818,620,305000
257734.805378,621,67000
537225.309339,622,240000
224355.964898,623,135000
523186.164476,624,168500
280816.46041,625,165150
269216.32199,626,160000
146769.87079,627,139900
241337.986518,628,153000
272072.557762,629,135000
552273.688856,630,168500
732342.066883,631,124000
244382.222751,632,209500
362666.467776,633,82500
190034.753828,634,139400
545488.367978,635,144000
243372.422635,636,200000
269808.776392,637,60000
243136.433199,638,93000
167169.46963,639,85000
358847.291913,640,264561
275409.219038,641,274000
362182.352227,642,226000
311871.2626,643,345000
345617.254772,644,152000
372582.677131,645,370878
264123.633152,646,143250
244914.214736,647,98300
541164.465691,648,155000
536193.280809,649,155000
224883.250706,650,84500
251828.019617,651,205950
723173.093328,652,108000
222781.579543,653,191000
538435.622317,654,135000
334486.582402,655,350000
232918.601066,656,88000
114908.812792,657,145500
149302.799223,658,149000
281645.943437,659,97500
328045.800863,660,167000
248779.783156,661,197900
239185.056092,662,402000
247269.076189,663,110000
188932.348519,664,137500
366807.481104,665,423000
222419.921146,666,230500
272771.816471,667,129000
241783.684365,668,193500
248721.93566,669,168000
269717.000622,670,137500
369504.97079,671,173500
241785.799221,672,103600
513006.15691,673,165000
549638.360388,674,257500
236796.748343,675,140000
255255.887555,676,148500
719504.958998,677,87000
707761.031863,678,109500
345673.526841,679,372500
246999.837447,680,128500
248665.393631,681,143000
266725.81999,682,159434
252357.701286,683,173000
351748.596457,684,285000
529869.43978,685,221000
352437.58289,686,207500
360054.855385,687,227875
262183.045501,688,148800
224949.671468,689,392000
521228.744172,690,194700
258940.587683,691,141000
394436.177745,692,755000
207716.637925,693,335000
213328.0706,694,108480
196711.961537,695,141500
283497.017444,696,176000
537063.542176,697,89000
218767.790974,698,123500
173413.316084,699,138500
243137.303944,700,196000
333935.752718,701,312500
266863.59335,702,140000
391408.272771,703,361919
232962.653468,704,140000
204123.98938,705,213000
248537.545662,706,55000
548161.496317,707,302000
363507.147464,708,254000
331383.853071,709,179540
152841.151805,710,109900
259229.800199,711,52000
279309.90711,712,102776
342640.330672,713,189000
235486.048448,714,129000
189399.295743,715,130500
155534.674199,716,165000
251490.39929,717,159500
140597.496796,718,157000
223240.908791,719,341000
268284.340545,720,128500
205231.586358,721,275000
255641.919157,722,143000
233012.480044,723,124500
287269.654663,724,135000
354314.927452,725,320000
230388.716286,726,120500
350496.123924,727,222000
236724.950829,728,194500
250108.599827,729,110000
234386.116089,730,103000
224103.089682,731,236500
345950.452159,732,187500
352389.177101,733,222500
203591.083245,734,131400
277143.379743,735,108000
275238.787992,736,163000
247338.562012,737,93500
522692.211301,738,239900
270845.523526,739,179000
247553.308811,740,190000
179934.344254,741,132000
186743.632817,742,142000
156841.044222,743,179000
257922.066688,744,175000
235768.505476,745,180000
338288.371411,746,299800
369037.122144,747,236000
232585.765399,748,265979
337085.054885,749,260400
212947.994835,750,98000
543100.538824,751,96500
345203.338833,752,162000
217040.475798,753,217000
282301.604496,754,275500
256571.100108,755,156000
242469.068192,756,172500
217713.80918,757,212000
319642.853375,758,158900
268138.085974,759,179400
241209.485102,760,290000
237660.966295,761,127500
262634.808314,762,100000
561941.231764,763,215200
250479.001979,764,337000
348703.124192,765,270000
353739.429598,766,264132
151668.915091,767,196500
224676.656548,768,160000
368134.895306,769,216837
548537.476873,770,538000
251777.699847,771,134900
258451.303406,772,102000
178151.925515,773,107000
222763.622317,774,114500
352410.087217,775,395000
548078.661751,776,162000
225544.645457,777,221500
526884.919444,778,142500
256916.093411,779,144000
261264.927785,780,135000
552082.740558,781,176000
206551.825958,782,175900
518988.149609,783,187100
356603.864011,784,165500
542989.514805,785,128000
218674.95725,786,161500
552109.507413,787,139000
250884.349951,788,233000
720551.060423,789,107900
360637.77549,790,187500
346727.813083,791,160200
223638.226717,792,146800
511946.319654,793,269790
530580.804466,794,225000
354411.902618,795,194500
181504.473129,796,171000
187430.712729,797,143500
260240.46281,798,110000
382713.28506,799,485000
550206.787222,800,175000
224072.086008,801,200000
242003.313831,802,109900
338955.349015,803,189000
274112.999579,804,582933
529527.140535,805,118000
249210.743565,806,227680
345118.608583,807,135500
256763.829098,808,223500
527487.864346,809,159950
712719.455083,810,106000
141858.245582,811,181000
525708.846155,812,144500
534057.587727,813,55993
217836.47187,814,157900
176902.539292,815,116000
243004.302592,816,224900
190807.42281,817,137000
205342.870193,818,271000
533031.767738,819,155000
513757.683298,820,224000
528250.42502,821,183000
222677.610059,822,93000
356573.38239,823,225000
202952.199989,824,139500
521537.306709,825,232600
533897.290885,826,385000
202671.289163,827,109500
220658.580864,828,189000
545500.684467,829,185000
220548.153998,830,147400
535727.925817,831,166000
551916.13311,832,151000
223102.812762,833,237000
221890.867922,834,167000
166461.291138,835,139950
243964.931544,836,128000
548837.322531,837,153500
251672.924707,838,100000
545914.227217,839,144000
246790.462377,840,130500
234923.480673,841,140000
536289.114155,842,157500
174015.300722,843,174900
280081.415505,844,141000
539316.276265,845,153900
371074.403446,846,171000
174094.728057,847,213000
244797.750888,848,133500
714322.086741,849,240000
238592.240343,850,187000
386899.848049,851,131500
378054.961815,852,215000
194274.203353,853,164000
190950.673793,854,158000
271338.442772,855,170000
213019.290862,856,127000
154745.760245,857,147000
378111.230313,858,174000
546177.516295,859,152000
270046.60266,860,250000
496858.064869,861,189950
234079.976908,862,131500
171695.161048,863,152000
180970.168549,864,132500
339013.084932,865,250580
193789.275182,866,148500
256084.399452,867,248900
233351.107742,868,129000
240634.902192,869,169000
517298.954802,870,236000
229294.456397,871,109500
557525.372619,872,200500
151475.492523,873,116000
228144.109119,874,133000
252852.636016,875,66500
369181.244174,876,303477
245195.329228,877,132250
516226.597996,878,350000
539287.150166,879,148000
160217.408339,880,136500
546324.92788,881,157000
199079.877228,882,187500
164000.428926,883,178000
228945.294202,884,118500
138923.876754,885,100000
350279.327116,886,328900
546547.223322,887,145000
252585.999702,888,135500
234206.678847,889,268000
212673.445505,890,149500
159950.265482,891,122900
241046.47896,892,172500
154965.883574,893,154500
532877.693029,894,165000
532221.779855,895,118858
208881.835345,896,140000
240582.845219,897,106500
533657.347355,898,142953
380624.744736,899,611657
538102.961745,900,135000
540162.074572,901,110000
231347.128399,902,153000
358785.70088,903,180000
208684.419227,904,240000
142303.192514,905,125500
164656.032723,906,128000
525887.397758,907,255000
714890.222975,908,250000
541695.828591,909,131000
519210.149624,910,174000
231269.584987,911,154300
256213.322324,912,143500
182804.486671,913,88000
264721.039008,914,145000
517823.232791,915,173733
224770.794801,916,75000
273969.111382,917,35311
235417.129457,918,135000
167702.901477,919,238000
213785.506012,920,176500
198017.159823,921,201000
202483.833723,922,145900
331552.414862,923,169990
196428.07076,924,193000
216813.534598,925,207500
253800.988953,926,175000
378333.618752,927,285000
199311.593311,928,176000
515038.199259,929,236500
388638.909022,930,222000
358601.896155,931,201000
147560.320044,932,117500
401558.87003,933,320000
238458.480057,934,190000
232952.315417,935,242000
544710.058166,936,79900
222765.488077,937,184900
248255.424481,938,253000
234420.604928,939,239799
521059.03025,940,244400
211238.408102,941,150900
515278.652465,942,214000
271369.608732,943,150000
543716.19757,944,143000
232382.974304,945,137500
230780.653787,946,124900
195847.423557,947,143000
343648.182638,948,270000
222075.243243,949,192500
235192.433778,950,197500
235962.075183,951,129000
204459.841351,952,119900
354562.043807,953,133900
236773.829423,954,172000
250913.796982,955,127500
251557.037585,956,145000
336395.995422,957,124000
349098.480772,958,132000
222473.702002,959,185000
208623.451076,960,155000
267791.176313,961,116500
378096.291703,962,272000
262359.792664,963,155000
344364.794698,964,239000
359001.610444,965,214900
332563.767351,966,178900
521339.459928,967,160000
222424.909083,968,135000
183404.161977,969,37900
239040.636143,970,140000
281773.250744,971,135000
258541.648049,972,173000
256044.614782,973,99500
341515.171765,974,182000
153484.071962,975,167500
226556.94194,976,165000
254948.087689,977,85500
364110.203184,978,199900
228023.086148,979,110000
549696.855768,980,139000
227794.704505,981,178400
355053.417735,982,336000
344389.682234,983,159895
244917.22595,984,255900
280552.974992,985,126000
221532.805834,986,125000
718948.680606,987,117000
359793.4986,988,395192
542620.676277,989,195000
220426.923307,990,197000
518981.459594,991,348000
233462.351433,992,168000
142089.665768,993,187000
248392.650342,994,173900
378399.663586,995,337500
168693.646327,996,121600
265511.689138,997,136500
231803.011994,998,185000
231811.895233,999,91000
236426.224252,1000,206000
249673.86342,1001,82000
731024.90745,1002,86000
205636.864391,1003,232000
547787.463309,1004,136905
354150.052349,1005,181000
228325.797155,1006,149900
296056.348229,1007,163500
217560.012311,1008,88000
337775.251479,1009,240000
545343.457334,1010,102000
224303.357075,1011,135000
252080.373374,1012,100000
220478.46704,1013,165000
527084.78086,1014,85000
251371.474429,1015,119200
360057.977127,1016,227000
517722.585743,1017,203000
228797.946202,1018,187500
244664.992894,1019,160000
351624.370122,1020,213490
542431.837361,1021,176000
231953.562266,1022,194000
723338.317856,1023,87000
351654.855983,1024,191000
338956.168633,1025,287000
165765.045762,1026,112500
254174.084626,1027,167500
216621.606463,1028,293077
258898.908326,1029,105000
261459.244063,1030,118000
240949.84623,1031,160000
365339.514275,1032,197000
233388.343095,1033,310000
255559.951171,1034,230000
725329.668673,1035,119750
250321.179554,1036,84000
356457.278367,1037,315500
366361.067518,1038,287000
258254.34261,1039,97000
269197.031703,1040,80000
166728.719668,1041,155000
220927.446339,1042,173000
418213.598633,1043,196000
223334.262161,1044,262280
342483.269961,1045,278000
529793.395249,1046,139600
345136.955718,1047,556581
257052.875998,1048,145000
147699.638121,1049,115000
230316.148107,1050,84900
339998.60613,1051,176485
352174.554389,1052,200141
542545.900933,1053,165000
230454.299121,1054,144500
364387.17806,1055,255000
327412.912588,1056,180000
515643.957137,1057,185850
351581.818346,1058,248000
369705.671636,1059,335000
311008.547301,1060,220000
340922.343232,1061,213500
285468.322074,1062,81000
265598.846429,1063,90000
157276.760447,1064,110500
128552.165532,1065,154000
204243.805759,1066,328000
216456.951473,1067,178000
541911.31033,1068,167900
549028.159217,1069,151400
258918.813616,1070,135000
534843.232164,1071,135000
261407.794921,1072,154000
297702.294531,1073,91500
305652.737585,1074,159500
248763.097477,1075,194000
238850.440207,1076,219500
220115.639047,1077,170000
359414.790854,1078,138800
263441.55853,1079,155900
218922.385975,1080,126000
198349.376958,1081,145000
537372.030247,1082,133000
222641.952743,1083,192000
187983.652973,1084,160000
363719.130507,1085,187500
238829.834466,1086,147000
237848.041119,1087,83500
260523.561433,1088,252000
266326.097105,1089,137500
353901.583646,1090,197000
529671.70601,1091,92900
210459.150857,1092,160000
548866.811106,1093,136500
209926.796742,1094,146000
359426.572929,1095,129000
231157.52754,1096,176432
243267.973209,1097,127000
195567.562766,1098,170000
246166.753413,1099,128000
244558.216365,1100,157000
267873.807926,1101,60000
194968.749624,1102,119500
200145.991327,1103,135000
358312.82669,1104,159500
259018.044059,1105,106000
233395.372809,1106,325000
357326.007773,1107,179900
247706.557918,1108,274725
241524.499247,1109,181000
365793.750926,1110,280000
555290.381283,1111,188000
224011.009498,1112,205000
240643.560317,1113,129900
242350.527918,1114,134500
216821.863632,1115,117000
249726.648344,1116,318000
348262.560399,1117,184100
236299.699356,1118,130000
267050.749437,1119,140000
122753.244989,1120,133700
129385.88939,1121,118400
221289.465591,1122,212900
189329.604222,1123,112000
551016.759317,1124,118000
366994.357199,1125,163900
718874.154832,1126,115000
528888.046571,1127,174000
368227.737682,1128,259000
352755.751082,1129,215000
262451.097923,1130,140000
216411.709629,1131,135000
152739.393657,1132,93500
715494.859046,1133,117500
509183.952666,1134,239500
380332.089764,1135,169000
227501.653944,1136,102000
267312.073224,1137,119000
238732.367958,1138,94000
270580.865032,1139,196000
228466.575973,1140,144000
532581.191285,1141,139000
228814.660274,1142,197500
237480.733798,1143,424870
222622.507664,1144,80000
175294.969539,1145,80000
284631.809647,1146,149000
211664.118728,1147,180000
266031.516837,1148,174500
221630.624344,1149,116900
232214.899026,1150,143000
136739.970033,1151,124000
374927.049087,1152,149900
352426.894498,1153,230000
520447.275007,1154,120500
221988.393242,1155,201800
219530.923207,1156,218000
148903.670904,1157,179900
206183.42408,1158,230000
530497.217442,1159,235128
228184.327202,1160,185000
262941.981608,1161,146000
229181.973072,1162,224000
371003.656308,1163,129000
716664.421211,1164,108959
542460.069768,1165,194000
229276.156684,1166,233170
229628.700481,1167,245350
373003.926867,1168,173000
252145.164336,1169,235000
348589.932377,1170,625000
326626.308788,1171,171000
262942.370041,1172,163000
363490.371485,1173,171900
241532.719601,1174,200500
224699.416401,1175,239000
346571.879383,1176,285000
171846.393885,1177,119500
223935.571599,1178,115000
719715.691926,1179,154900
208737.163791,1180,93000
358854.823486,1181,250000
363692.285216,1182,392500
356065.874346,1183,745000
544749.997623,1184,120000
274417.457586,1185,186700
224058.486554,1186,104900
725788.714076,1187,95000
160786.154808,1188,262000
218021.550152,1189,195000
541908.303137,1190,189000
364074.005153,1191,168000
239034.463727,1192,174000
193014.164277,1193,125000
545751.007847,1194,165000
358492.738246,1195,158000
366594.129607,1196,176000
376244.18634,1197,219210
243276.283465,1198,144000
530679.458518,1199,178000
225752.94962,1200,148000
243758.581037,1201,116050
263808.039763,1202,197900
194143.493182,1203,117000
227959.580372,1204,213000
153617.141797,1205,153500
526898.361552,1206,271900
177872.325358,1207,107000
246871.376405,1208,200000
221069.39546,1209,140000
245529.10594,1210,290000
148243.508911,1211,189000
518775.784809,1212,164000
259444.574463,1213,113000
272838.215098,1214,145000
229338.557564,1215,134500
154654.696392,1216,125000
307016.069254,1217,112000
198900.84691,1218,229456
277139.229647,1219,80500
262636.919989,1220,91500
211706.859804,1221,115000
233146.264811,1222,134000
232361.602741,1223,143000
170958.114416,1224,137900
336432.337744,1225,184000
532301.991836,1226,145000
354617.529182,1227,214000
238618.424456,1228,147000
375088.885621,1229,367294
147826.223493,1230,127000
306913.781042,1231,190000
138099.106838,1232,132500
257244.721233,1233,101800
157516.256869,1234,142000
261854.455471,1235,130000
728042.212049,1236,138887
533943.962329,1237,175500
353202.587717,1238,195000
217320.948419,1239,142500
228729.746239,1240,265900
218299.215397,1241,224900
527285.9262,1242,248328
168092.846075,1243,170000
381950.302989,1244,465000
551063.479852,1245,230000
394281.236176,1246,178000
229050.682201,1247,186500
243664.123277,1248,169900
726575.698451,1249,129500
231286.090111,1250,119000
347351.063734,1251,244000
267845.519339,1252,171750
209347.28606,1253,130000
367010.119485,1255,165400
243377.29387,1256,127500
337295.529661,1257,301500
285965.186656,1258,99900
337528.796742,1259,190000
247043.724597,1260,151000
548195.047915,1261,181000
536965.925392,1262,128900
261283.578421,1263,161500
161745.416473,1264,180500
342993.771203,1265,181000
241622.422876,1266,183900
141697.626798,1267,122000
370326.128557,1268,378500
282735.711481,1269,381000
161844.855668,1270,144000
347682.038083,1271,260000
268435.321618,1272,185750
148945.484938,1273,137000
171671.679441,1274,177000
259282.873138,1275,139000
264432.440047,1276,137000
216308.082022,1277,162000
547998.431313,1278,197900
232890.309325,1279,237000
249371.050416,1280,68400
213780.560473,1281,227000
372135.634798,1282,180000
280459.148084,1283,150500
259656.009749,1284,139000
295840.088539,1285,169000
275008.47665,1286,132500
533422.266949,1287,143000
538806.119715,1288,190000
352045.29293,1289,278000
375558.654767,1290,281000
233147.421639,1291,180500
295292.276145,1292,119500
257076.152571,1293,107500
222030.284284,1294,162900
244878.604159,1295,115000
159099.53177,1296,138500
136771.082668,1297,155000
379367.565629,1299,160000
164388.491047,1300,154000
344242.150315,1301,225000
254649.879079,1302,177500
227947.680282,1303,290000
224517.43491,1304,232000
276734.449913,1305,130000
355420.664268,1306,325000
222088.4076,1307,202500
231700.673302,1308,138000
149433.731183,1309,147000
548341.988205,1310,179200
348850.636836,1311,335000
189154.067961,1312,203000
518792.685146,1313,302000
363678.356072,1314,333168
232098.512751,1315,119000
553199.149232,1316,206900
253328.524091,1317,295493
223134.036406,1318,208900
213592.996472,1319,275000
215665.977944,1320,111000
536190.883699,1321,156500
251664.32705,1322,72500
519390.356596,1323,190000
256035.786047,1324,82500
241872.35798,1325,147000
189192.007536,1326,55000
225713.925763,1327,79000
189956.500341,1328,130500
704805.683471,1329,256000
551167.645346,1330,176500
249834.907174,1331,227000
228505.80776,1332,132500
719523.726231,1333,100000
149543.042391,1334,125500
213592.375205,1335,125000
253490.60277,1336,167900
271370.28717,1337,135000
276639.915474,1338,52500
526618.258359,1339,200000
542389.671974,1340,128500
529843.977904,1341,123000
275066.563793,1342,155000
231376.880691,1343,228500
722361.87261,1344,177000
347004.056787,1345,155835
208660.004125,1346,108500
538092.364018,1347,262500
351904.722843,1348,283463
210169.416264,1349,215000
235579.202426,1350,122000
275895.517009,1351,200000
380470.059984,1352,171000
223891.650338,1353,134900
358497.118178,1354,410000
516041.067963,1355,235000
189584.898051,1356,170000
182900.731519,1357,110000
346223.022894,1358,149900
525079.115242,1359,177500
346443.711301,1360,315000
263379.347763,1361,189000
515803.842371,1362,260000
533820.801625,1363,104900
387025.956774,1364,156932
226937.368844,1365,144152
216514.365936,1366,216000
521854.171175,1367,193000
264300.166726,1368,127000
533521.688411,1369,144000
351033.020187,1370,232000
348324.29009,1371,105000
227959.559271,1372,165500
542360.531385,1373,274300
239183.348759,1374,466500
369099.080734,1375,250000
346553.103932,1376,239000
727204.934802,1377,91000
197136.929856,1378,117000
551584.600572,1379,83000
373169.475777,1380,167500
537230.361484,1381,58500
359918.690431,1382,237500
270569.036051,1383,157000
162006.169918,1384,112000
226147.180728,1385,105000
171701.393631,1386,125500
211681.96498,1387,250000
234258.06278,1388,136000
379012.799428,1389,377500
260954.771289,1390,131000
202744.077379,1391,235000
258859.924353,1392,124000
191680.894532,1393,123000
288774.905871,1394,163000
360616.681168,1395,246578
364927.394343,1396,281213
534227.601605,1397,160000
715568.268777,1398,137500
165538.261744,1399,138000
719933.331027,1400,137450
200646.984894,1401,120000
362553.85395,1402,193000
243907.957509,1403,193879
224823.823134,1404,282922
191685.221827,1405,105000
339630.158022,1406,275000
192562.268811,1407,133000
183258.133958,1408,112000
554949.950368,1409,125500
322330.708893,1410,215000
521561.664784,1411,230000
206034.93945,1412,140000
527335.420374,1413,90000
346291.764004,1414,257000
531578.985028,1415,207000
219587.587127,1416,175900
252367.768146,1417,122500
358008.278876,1418,340000
249141.027048,1419,124000
250294.064682,1420,223000
254696.576618,1421,179900
269377.116458,1422,127500
393237.762494,1423,136500
133094.883704,1424,274970
534786.89996,1425,144000
207880.026422,1426,142000
211882.126146,1427,271000
267290.47121,1428,140000
188096.172824,1429,119000
331665.841169,1430,182900
349585.253583,1431,192140
228200.870406,1432,143750
720228.685804,1433,64500
381448.556813,1434,186500
233658.267949,1435,160000
124019.374279,1436,174000
176765.401013,1437,120500
356781.051062,1438,394617
194416.493023,1439,149700
236165.063617,1440,197000
371630.333772,1441,191000
257862.035681,1442,149300
377075.228205,1443,310000
710819.811593,1444,121000
239119.053325,1445,179600
221412.52915,1446,129000
207942.755041,1447,157900
239838.532527,1448,240000
716629.104083,1449,112000
288575.119752,1450,92000
275723.983561,1451,136000
382780.463162,1452,287090
378032.341101,1453,145000
239438.992293,1454,84500
206929.992126,1455,185000
239409.072368,1456,175000
138564.633476,1457,210000
166842.857973,1458,266500
242026.713482,1459,142125
515741.103799,1460,147500
